<?xml version="1.0" encoding="UTF-8"?>
<root>
  <item name="com.maxi.chatdemo.ui.base.BaseActivity cn.com.hiss.www.multilib.db.DbChatMessageBean getTbub(java.lang.String, java.lang.String, java.lang.String, int) 3">
    <annotation name="android.support.annotation.IntDef">
      <val name="value" val="{com.maxi.chatdemo.common.ChatConst.SENDING, com.maxi.chatdemo.common.ChatConst.COMPLETED, com.maxi.chatdemo.common.ChatConst.SENDERROR}" />
    </annotation>
  </item>
  <item name="com.maxi.chatdemo.ui.base.BaseActivity cn.com.hiss.www.multilib.db.DbChatMessageBean getTbubNoStorage(java.lang.String, java.lang.String, java.lang.String, int) 3">
    <annotation name="android.support.annotation.IntDef">
      <val name="value" val="{com.maxi.chatdemo.common.ChatConst.SENDING, com.maxi.chatdemo.common.ChatConst.COMPLETED, com.maxi.chatdemo.common.ChatConst.SENDERROR}" />
    </annotation>
  </item>
</root>

